"","stratum","term","df","sumsq","meansq","statistic","p.value"
"1","replicate:treatment","replicate",3,4351829.27788586,1450609.75929529,1.17715755232107,0.448254816435684
"2","replicate:treatment","treatment",1,35235.351137964,35235.351137964,0.0285931894742588,0.876480344964284
"3","replicate:treatment","Residuals",3,3696896.19652451,1232298.73217484,NA,NA
"4","Within","severity",3,1151968.87306937,383989.624356456,0.703080275199955,0.560771397269826
"5","Within","Residuals",21,11469219.6551699,546153.316912852,NA,NA
